{
  "m": 1.0,
  "cm": 100.0,
  "in": 39.3701,
  "ft": 3.28084,
  "mm": 1000.0,
  "yd": 1.09361,
  "km": 0.001
}
